{
  "$schema": "https://schema.management.azure.com/schemas/2015-01-01/deploymentParameters.json#",
  "contentVersion": "1.0.0.0",
  "parameters": {
    "namespaces_eventhub_name": {
      "value": "shashikanth"
    },
    "eventhubs_eventhub0_name": {
      "value": "eventhub1234sesdq"
    },
    "AuthorizationRules_RootManageSharedAccessKey_name": {
      "value": "RootManageSharedAccessKey"
    },
    "consumergroups_$Default_name": {
      "value": "$Default"
    },
    "location": {
      "value": "South India"
    },
    "messageRetentionInDays": {
      "value": "7"
    },
    "partitionCount": {
      "value": "10"
    }
  }
}