{
  "$schema": "https://schema.management.azure.com/schemas/2015-01-01/deploymentTemplate.json#",
  "contentVersion": "1.0.0.0",
  "parameters": {
    "namespaces_eventhub_name": {
      "defaultValue": "shashikanth1",
      "type": "string"
    },
    "eventhubs_eventhub0_name": {
      "defaultValue": "eventhub0",
      "type": "string"
    },
    "AuthorizationRules_RootManageSharedAccessKey_name": {
      "defaultValue": "RootManageSharedAccessKey",
      "type": "string"
    },
    "consumergroups_$Default_name": {
      "defaultValue": "$Default",
      "type": "string"
    },
    "location": {
      "type": "string",
      "defaultValue": "[resourceGroup().location]",
      "metadata": {
        "description": "Location for all resources."
      }
    },
    "messageRetentionInDays": {
      "type": "string",
      "defaultValue": "1",
      "metadata": {
        "description": "Message retention period"
      }
    },
    "partitionCount": {
      "type": "string",
      "defaultValue": "2",
      "metadata": {
        "description": "Partition count"
      }
    }
  },
  "variables": {},
  "resources": [
    {
      "type": "Microsoft.EventHub/namespaces",
      "sku": {
        "name": "Standard",
        "tier": "Standard",
        "capacity": 1
      },
      "name": "[parameters('namespaces_eventhub_name')]",
      "apiVersion": "2017-04-01",
      "location": "[parameters('location')]",
      "tags": {},
      "scale": null,
      "properties": {
        "isAutoInflateEnabled": false,
        "maximumThroughputUnits": 0
      },
      "dependsOn": []
    },
    {
      "type": "Microsoft.EventHub/namespaces/AuthorizationRules",
      "name": "[concat(parameters('namespaces_eventhub_name'), '/', parameters('AuthorizationRules_RootManageSharedAccessKey_name'))]",
      "apiVersion": "2017-04-01",
      "location": "[parameters('location')]",
      "scale": null,
      "properties": {
        "rights": [
          "Listen",
          "Manage",
          "Send"
        ]
      },
      "dependsOn": [
        "[resourceId('Microsoft.EventHub/namespaces', parameters('namespaces_eventhub_name'))]"
      ]
    },
    {
      "type": "Microsoft.EventHub/namespaces/eventhubs",
      "name": "[concat(parameters('namespaces_eventhub_name'), '/', parameters('eventhubs_eventhub0_name'))]",
      "apiVersion": "2017-04-01",
      "location": "[parameters('location')]",
      "scale": null,
      "properties": {
        "messageRetentionInDays": "[parameters('messageRetentionInDays')]",
        "partitionCount": "[parameters('partitionCount')]",
        "status": "Active"
      },
      "dependsOn": [
        "[resourceId('Microsoft.EventHub/namespaces', parameters('namespaces_eventhub_name'))]"
      ]
    },
    {
      "type": "Microsoft.EventHub/namespaces/eventhubs/consumergroups",
      "name": "[concat(parameters('namespaces_eventhub_name'), '/', parameters('eventhubs_eventhub0_name'), '/', parameters('consumergroups_$Default_name'))]",
      "apiVersion": "2017-04-01",
      "location": "[parameters('location')]",
      "scale": null,
      "properties": {},
      "dependsOn": [
        "[resourceId('Microsoft.EventHub/namespaces', parameters('namespaces_eventhub_name'))]",
        "[resourceId('Microsoft.EventHub/namespaces/eventhubs', parameters('namespaces_eventhub_name'), parameters('eventhubs_eventhub0_name'))]"
      ]
    }
  ]
}